"","(Intercept)","Banks","Geomorph","Group","logDist","OrderClass","Region","VegFld","Banks:logDist","Geomorph:logDist","Group:logDist","logDistxOrderClass","logDistxRegion","logDist:VegFld","adjR^2","df","logLik","AICc","delta","weight"
"17",-0.569100034740261,NA,NA,NA,-0.257792286168111,NA,NA,"+",NA,NA,NA,NA,NA,NA,0.312816561609176,6,-352.063295185567,716.447201058156,0,0.135921325345628
"9",-1.09091998780713,NA,NA,NA,-0.26100249199996,"+",NA,NA,NA,NA,NA,NA,NA,NA,0.314528885777943,7,-351.752247616463,717.933614006873,1.48641294871607,0.0646423490389207
"2841",-0.189977846087021,"+","+",NA,-0.182188781758104,NA,"+","+",NA,NA,NA,NA,"+",NA,0.371410783122429,17,-340.988097137233,718.414441286418,1.9672402282614,0.0508284437439698
"289",-0.022816440042227,"+","+",NA,-0.267416054329884,NA,"+","+",NA,NA,NA,NA,NA,NA,0.353652398477542,14,-344.442040976021,718.53762525913,2.09042420097308,0.0477922803620821
"251",-0.333612364524605,NA,NA,NA,-0.261394231449619,NA,"+","+",NA,NA,NA,NA,NA,NA,0.324514644707822,9,-349.923841119556,718.542662934093,2.09546187593673,0.0476720508578216
"2811",-0.483545699779017,NA,NA,NA,-0.186080626066936,NA,"+","+",NA,NA,NA,NA,"+",NA,0.341293018962232,12,-346.794599360971,718.807948721943,2.36074766378636,0.0417501229560342
"18",-0.676119870782384,"+",NA,NA,-0.256444051546921,NA,NA,"+",NA,NA,NA,NA,NA,NA,0.316656083252411,8,-351.364832794482,719.28351174281,2.8363106846532,0.0329147500113261
"2",-0.864611408244599,"+",NA,NA,-0.255857497224798,NA,NA,NA,NA,NA,NA,NA,NA,NA,0.304890074016448,6,-353.493861066381,719.308332819785,2.86113176162894,0.032508784574931
"25",-0.828284305519581,NA,NA,NA,-0.25850010200214,"+",NA,"+",NA,NA,NA,NA,NA,NA,0.321961468676789,9,-350.393701582761,719.482383860504,3.03518280234721,0.0297992977282276
"1",-0.795623865069844,NA,NA,NA,-0.257848892889192,NA,NA,NA,NA,NA,NA,NA,NA,NA,0.291726391105691,4,-355.836521053299,719.824557258112,3.37735619995578,0.0251133136110051
"10",-1.37042088501825,"+",NA,NA,-0.261381806449943,"+",NA,NA,NA,NA,NA,NA,NA,NA,0.320690190315652,9,-350.627043982375,719.94906865973,3.50186760157385,0.0235975390122812
"529",-0.538711464476601,NA,NA,NA,-0.27866482379106,NA,NA,"+",NA,NA,NA,NA,NA,"+",0.314546997653275,8,-351.748953705625,720.051753565096,3.60455250693963,0.0224165600747009
"273",-0.202710805660177,NA,"+",NA,-0.264454214736432,NA,"+","+",NA,NA,NA,NA,NA,NA,0.337068675554577,12,-347.589342184673,720.397434369346,3.95023331118966,0.0188584213980726
"21",-0.544149548308693,NA,NA,"+",-0.25793021496927,NA,NA,"+",NA,NA,NA,NA,NA,NA,0.313566222946707,8,-351.927206020296,720.408258194438,3.96105713628185,0.0187566369434209
"19",-0.604079706369031,NA,"+",NA,-0.260187092034766,NA,NA,"+",NA,NA,NA,NA,NA,NA,0.318632240554208,9,-351.003923466096,720.702827627172,4.2556265690157,0.0161878820986756
"2831",-0.351687590976383,NA,"+",NA,-0.193212193172952,NA,"+","+",NA,NA,NA,NA,"+",NA,0.353131672747374,15,-344.541993804253,720.981220810088,4.53401975193117,0.0140843795827459
"261",-0.29452310614248,"+",NA,NA,-0.260984099604079,NA,"+","+",NA,NA,NA,NA,NA,NA,0.329505328485923,11,-349.000639340506,721.028516035098,4.5813149769416,0.0137552248327193
"2821",-0.449442195898237,"+",NA,NA,-0.17822462787762,NA,"+","+",NA,NA,NA,NA,"+",NA,0.347129665164841,14,-345.68874317677,721.031029660626,4.58382860247002,0.0137379479497526
"93",-0.890978394072852,NA,NA,NA,-0.257957309698121,NA,"+",NA,NA,NA,NA,NA,NA,NA,0.304959876367363,7,-353.481329372115,721.391777518177,4.94457646002058,0.0114706086956598
"26",-1.19001614332453,"+",NA,NA,-0.259354751738173,"+",NA,"+",NA,NA,NA,NA,NA,NA,0.328022246686454,11,-349.275649636002,721.578536626089,5.1313355679323,0.0104479777639652
"11",-0.843898559593171,NA,"+",NA,-0.258962982515585,"+",NA,NA,NA,NA,NA,NA,NA,NA,0.321696686302417,10,-350.442335621548,721.73738442139,5.29018336323372,0.00965025699520321
"13",-1.04178171570225,NA,NA,"+",-0.258967323811271,"+",NA,NA,NA,NA,NA,NA,NA,NA,0.315507508876623,9,-351.574154940995,721.843290576971,5.39608951881496,0.009152540296905
"2651",-1.02416437406183,NA,NA,NA,-0.191125649502122,NA,"+",NA,NA,NA,NA,NA,"+",NA,0.321177546645765,10,-350.537637855616,721.927988889527,5.48078783137055,0.00877303061263765
"111",-0.527644387165676,NA,"+",NA,-0.259757105348244,NA,"+",NA,NA,NA,NA,NA,NA,NA,0.320500507618045,10,-350.661825449377,722.176364077049,5.72916301889211,0.00774846468667224
"601",-0.0587336092785505,"+","+",NA,-0.248173410600126,NA,"+","+","+",NA,NA,NA,NA,NA,0.355781415887079,16,-344.032603582462,722.223937323655,5.77673626549824,0.00756632965235724
"20",-0.771441867895045,"+","+",NA,-0.259337086554425,NA,NA,"+",NA,NA,NA,NA,NA,NA,0.326276329709261,11,-349.598678912945,722.224595179976,5.77739412181938,0.00756384128273228
"50",-0.702733579097009,"+",NA,NA,-0.231721352586454,NA,NA,"+","+",NA,NA,NA,NA,NA,0.320350293021067,10,-350.689363405412,722.231439989119,5.78423893096294,0.00753799900433581
"4",-0.84074231352605,"+","+",NA,-0.257216968863395,NA,NA,NA,NA,NA,NA,NA,NA,NA,0.314390962178174,9,-351.777328405298,722.249637505577,5.80243644742018,0.00746972365534211
"5371",-0.327688696640502,NA,NA,NA,-0.28120989847124,NA,"+","+",NA,NA,NA,NA,NA,"+",0.326066525193971,11,-349.637444745952,722.30212684599,5.85492578783385,0.00727623337174809
"3481",-0.216179519531442,"+","+",NA,-0.138248458408993,NA,"+","+",NA,"+",NA,NA,"+",NA,0.379024748705211,20,-339.479601260828,722.346299295849,5.89909823769267,0.00711729052953446
"5401",-0.037862473365564,"+","+",NA,-0.286290418774781,NA,"+","+",NA,NA,NA,NA,NA,"+",0.355460495942708,16,-344.094400444259,722.347531047247,5.90032998909089,0.00711290851278113
"3",-0.664620930486709,NA,"+",NA,-0.257155371815477,NA,NA,NA,NA,NA,NA,NA,NA,NA,0.301942179896974,7,-354.022036725717,722.473192225381,6.02599116722411,0.00667975055395067
"34",-0.89215209994535,"+",NA,NA,-0.235134784494941,NA,NA,NA,"+",NA,NA,NA,NA,NA,0.307832119707473,8,-352.964657173676,722.483160501198,6.03595944304197,0.00664654058627105
"7931",-0.513259763050309,NA,NA,NA,-0.148615271124584,NA,"+","+",NA,NA,NA,NA,"+","+",0.343021972356671,14,-346.467965165697,722.589473638481,6.14227258032474,0.00630245939941384
"265",-1.05893827469851,NA,NA,NA,-0.305150621255118,"+",NA,NA,NA,NA,NA,"+",NA,NA,0.319365665354937,10,-350.869729919099,722.592173016494,6.14497195833712,0.00629395877713915
"291",-0.283909984237936,NA,NA,"+",-0.259791038325311,NA,"+","+",NA,NA,NA,NA,NA,NA,0.325165576385144,11,-349.803787250599,722.634811855284,6.18761079712738,0.00616119547711749
"530",-0.648839083007578,"+",NA,NA,-0.280371867804852,NA,NA,"+",NA,NA,NA,NA,NA,"+",0.319017772102239,10,-350.933400075835,722.719513329965,6.27231227180835,0.0059057124380406
"2671",-0.665724013858914,NA,"+",NA,-0.189911324610574,NA,"+",NA,NA,NA,NA,NA,"+",NA,0.33675685840301,13,-347.647819916866,722.723090814124,6.27588975596768,0.00589515808401499
"3161",-0.20671621057738,"+","+",NA,-0.179272683355644,NA,"+","+","+",NA,NA,NA,"+",NA,0.372122887465566,19,-340.847728430589,722.74766569652,6.30046463836391,0.00582316488758735
"7961",-0.21473650528391,"+","+",NA,-0.150666777501082,NA,"+","+",NA,NA,NA,NA,"+","+",0.37202480304852,19,-340.867071353091,722.786351541523,6.33915048336678,0.00571161023509941
"321",0.0297976821596075,"+","+","+",-0.265629054849847,NA,"+","+",NA,NA,NA,NA,NA,NA,0.354188340971986,16,-344.339089678032,722.836909514794,6.389708456638,0.00556903617252049
"2881",-0.155877836858947,"+","+","+",-0.180710822077601,NA,"+","+",NA,NA,NA,NA,"+",NA,0.371830364502474,19,-340.905407752258,722.863024339858,6.41582328170136,0.00549679165946436
"2851",-0.448242668198529,NA,NA,"+",-0.184330769986181,NA,"+","+",NA,NA,NA,NA,"+",NA,0.341924216103085,14,-346.675445394036,723.004434095159,6.55723303700211,0.00512156322451346
"537",-0.7922405173861,NA,NA,NA,-0.280051932980598,"+",NA,"+",NA,NA,NA,NA,NA,"+",0.323821652917,11,-350.051534639652,723.13030663339,6.68310557523375,0.00480916484730475
"6",-0.816153644081747,"+",NA,"+",-0.254146665663917,NA,NA,NA,NA,NA,NA,NA,NA,NA,0.305935332929355,8,-353.306082284256,723.166010722359,6.71880966420213,0.00472407321219453
"22",-0.650591944283398,"+",NA,"+",-0.256591606179218,NA,NA,"+",NA,NA,NA,NA,NA,NA,0.317642369343559,10,-351.184826563557,723.222366305409,6.77516524725263,0.00459281719888699
"101",-0.859886278843587,"+",NA,NA,-0.257237379749424,NA,"+",NA,NA,NA,NA,NA,NA,NA,0.311015624912563,9,-352.389665136673,723.474310968327,7.02710991017011,0.00404920786522596
"42",-1.37156791562104,"+",NA,NA,-0.243769234282715,"+",NA,NA,"+",NA,NA,NA,NA,NA,0.322734469957673,11,-350.25161948284,723.530476319766,7.08327526160986,0.0039370771087658
"29",-0.805184076089253,NA,NA,"+",-0.258176186817813,"+",NA,"+",NA,NA,NA,NA,NA,NA,0.322619236855681,11,-350.272809514416,723.572856382917,7.12565532476094,0.00385452801824172
"149",-0.571120958373346,NA,NA,"+",-0.218984654931603,NA,NA,"+",NA,NA,"+",NA,NA,NA,0.316555173829478,10,-351.383236109353,723.619185397001,7.17198433884494,0.0037662659966369
"5",-0.744295763574285,NA,NA,"+",-0.255527981928942,NA,NA,NA,NA,NA,NA,NA,NA,NA,0.292741732286956,6,-355.657272141723,723.635154970469,7.18795391231242,0.00373631290952016
"921",-0.0344936166634853,"+","+",NA,-0.259057097919918,NA,"+","+",NA,"+",NA,NA,NA,NA,0.35739189820118,17,-343.722057024369,723.88236106069,7.43516000253396,0.00330189394633525
"14",-1.32200914220022,"+",NA,"+",-0.25954768918042,"+",NA,NA,NA,NA,NA,NA,NA,NA,0.321686430840355,11,-350.444218945111,723.915675244308,7.46847418615118,0.0032473495325291
"281",-0.766511028303667,NA,NA,NA,-0.301631035186451,"+",NA,"+",NA,NA,NA,"+",NA,NA,0.327592396698947,12,-349.355252431637,723.929254863275,7.48205380511843,0.00322537533261226
"533",-0.513264258322763,NA,NA,"+",-0.280336851675812,NA,NA,"+",NA,NA,NA,NA,NA,"+",0.31548789858819,10,-351.577725994608,724.008165167511,7.56096410935481,0.00310059544960273
"2661",-1.00018754180214,"+",NA,NA,-0.189886525611958,NA,"+",NA,NA,NA,NA,NA,"+",NA,0.327101617107478,12,-349.446081056078,724.110912112156,7.66371105399969,0.00294532951721706
"27",-0.703246801577679,NA,"+",NA,-0.258856961849109,"+",NA,"+",NA,NA,NA,NA,NA,NA,0.327054090609694,12,-349.454873532793,724.128497065585,7.68129600742861,0.00291954629133029
"581",-0.33779805156006,"+",NA,NA,-0.237083326913532,NA,"+","+","+",NA,NA,NA,NA,NA,0.332836495733792,13,-348.380877880919,724.189206742231,7.74200568407423,0.00283225548729665
"12",-1.24798348792704,"+","+",NA,-0.259802935338044,"+",NA,NA,NA,NA,NA,NA,NA,NA,0.326842058864369,12,-349.49409273792,724.20693547584,7.75973441768326,0.00280726028277423
"531",-0.575818218087054,NA,"+",NA,-0.282475353364399,NA,NA,"+",NA,NA,NA,NA,NA,"+",0.320578576359973,11,-350.647511340512,724.322260035109,7.87505897695303,0.00264996581459979
"5391",-0.206431330762264,NA,"+",NA,-0.281854395673323,NA,"+","+",NA,NA,NA,NA,NA,"+",0.338266389526623,14,-347.364487974413,724.382519255913,7.93531819775626,0.0025713141981702
"266",-1.37052962462563,"+",NA,NA,-0.316622281636964,"+",NA,NA,NA,NA,NA,"+",NA,NA,0.326172051938887,12,-349.61794783878,724.454645677559,8.00744461940269,0.00248023650001415
"141",-1.08801964143165,NA,NA,"+",-0.210234852739484,"+",NA,NA,NA,NA,"+",NA,NA,NA,0.320193893249654,11,-350.718029263031,724.463295880148,8.01609482199171,0.00246953239078196
"311",-0.163212289417838,NA,"+","+",-0.263208400026883,NA,"+","+",NA,NA,NA,NA,NA,NA,0.337475422791754,14,-347.51302316948,724.679589646046,8.23238858788977,0.00221639484972289
"23",-0.589716830740313,NA,"+","+",-0.261084141778535,NA,NA,"+",NA,NA,NA,NA,NA,NA,0.319398979755653,11,-350.863631257126,724.754499868338,8.30729881018203,0.00213491497845385
"5381",-0.293072587623974,"+",NA,NA,-0.282000506005926,NA,"+","+",NA,NA,NA,NA,NA,"+",0.331248033936302,13,-348.676766379894,724.780983740181,8.33378268202409,0.00210683092510413
"58",-1.16731767833663,"+",NA,NA,-0.236236997550311,"+",NA,"+","+",NA,NA,NA,NA,NA,0.331057046585,13,-348.712298484429,724.852047949251,8.40484689109439,0.00203328514427457
"7941",-0.47391164995811,"+",NA,NA,-0.142872199104796,NA,"+","+",NA,NA,NA,NA,"+","+",0.348520956287338,16,-345.423790940838,725.006312040406,8.55911098224908,0.00188234951223346
"4161",-0.231447681323913,"+","+","+",-0.0951475445210587,NA,"+","+",NA,NA,"+",NA,"+",NA,0.378112249769381,21,-339.66128244023,725.063455568718,8.6162545105617,0.00182932852439567
"4131",-0.522769062243445,NA,NA,"+",-0.0988429579951467,NA,"+","+",NA,NA,"+",NA,"+",NA,0.348281023650687,16,-345.469520066772,725.097770292274,8.65056923411737,0.00179820979412652
"301",-0.234642069299782,"+",NA,"+",-0.258955768933015,NA,"+","+",NA,NA,NA,NA,NA,NA,0.330389883690934,13,-348.83634670998,725.100144400351,8.65294334219493,0.00179607648835295
"7951",-0.382665148858145,NA,"+",NA,-0.159548764667974,NA,"+","+",NA,NA,NA,NA,"+","+",0.354220973444566,17,-344.332818632377,725.103884276706,8.6566832185498,0.00179272107454371
"3141",-0.46349288919217,"+",NA,NA,-0.174367221926803,NA,"+","+","+",NA,NA,NA,"+",NA,0.348175888346329,16,-345.489553066277,725.137836291285,8.69063523312832,0.00176254469046718
"538",-1.1581014051275,"+",NA,NA,-0.281104068427757,"+",NA,"+",NA,NA,NA,NA,NA,"+",0.330262952430539,13,-348.859934590784,725.147320161959,8.70011910380299,0.00175420660247701
"562",-0.667580271773689,"+",NA,NA,-0.269328249569422,NA,NA,"+","+",NA,NA,NA,NA,"+",0.324242291037583,12,-349.974040589058,725.166831178117,8.71963011996047,0.00173717662887886
"2861",-0.40553178853652,"+",NA,"+",-0.176305187222415,NA,"+","+",NA,NA,NA,NA,"+",NA,0.34792020062803,16,-345.538260616791,725.235251392312,8.78805033415517,0.00167875267308838
"131",-0.819055330697245,NA,NA,"+",-0.255716621462473,NA,"+",NA,NA,NA,NA,NA,NA,NA,0.305958692765232,9,-353.301882737647,725.298746170275,8.85154511211817,0.00162629378141322
"2871",-0.32624879694133,NA,"+","+",-0.191585534138824,NA,"+","+",NA,NA,NA,NA,"+",NA,0.353586653994778,17,-344.454664667253,725.347576346458,8.90037528830192,0.00158706846869616
"532",-0.746220740190451,"+","+",NA,-0.287151162208198,NA,NA,"+",NA,NA,NA,NA,NA,"+",0.329483371387139,13,-349.004714985019,725.43688095043,8.9896798922739,0.00151776109035369
"52",-0.794551287251355,"+","+",NA,-0.236391409581772,NA,NA,"+","+",NA,NA,NA,NA,NA,0.32946386317917,13,-349.008335966401,725.444122913194,8.99692185503773,0.00151227524377147
"121",-0.610711931672308,"+","+",NA,-0.259819744030063,NA,"+",NA,NA,NA,NA,NA,NA,NA,0.32343979760025,12,-350.121845101301,725.462440202602,9.01523914444567,0.00149848808433951
"36",-0.860537382457038,"+","+",NA,-0.237450819241893,NA,NA,NA,"+",NA,NA,NA,NA,NA,0.317066691082631,11,-351.289922378482,725.607082111051,9.15988105289409,0.00139394199610712
"5721",-0.0935905604355895,"+","+",NA,-0.27735741011455,NA,"+","+","+",NA,NA,NA,NA,"+",0.358727465660644,18,-343.463976843515,725.66395368703,9.21675262887311,0.00135486241956994
"30",-1.16801976170379,"+",NA,"+",-0.259226349393969,"+",NA,"+",NA,NA,NA,NA,NA,NA,0.328767549232914,13,-349.137517247061,725.702485474515,9.25528441635811,0.00132900962243374
"1571",-0.299594837904558,NA,NA,"+",-0.21813018395147,NA,"+","+",NA,NA,"+",NA,NA,NA,0.328672028938384,13,-349.155228651751,725.737908283893,9.2907072257367,0.00130567822102757
"8601",-0.253335857200443,"+","+",NA,-0.0908493771329744,NA,"+","+",NA,"+",NA,NA,"+","+",0.382352966265935,22,-338.814855755509,725.743532649229,9.2963315910722,0.00130201157342259
"282",-1.1623120430091,"+",NA,NA,-0.31410732406115,"+",NA,"+",NA,NA,NA,"+",NA,NA,0.334532303496528,14,-348.064273607637,725.782090522361,9.33488946420448,0.00127715059155372
"3471",-0.396936518167539,NA,"+",NA,-0.153228203699612,NA,"+","+",NA,"+",NA,NA,"+",NA,0.358385025463644,18,-343.530195959872,725.796391919744,9.34919086158743,0.0012680506467468
"15",-0.819283046809104,NA,"+","+",-0.258139636095984,"+",NA,NA,NA,NA,NA,NA,NA,NA,0.322207910463087,12,-350.348420454783,725.915590909567,9.46838985141051,0.00119468350691491
"2691",-0.966476222893669,NA,NA,"+",-0.18982022461718,NA,"+",NA,NA,NA,NA,NA,"+",NA,0.32194502176571,12,-350.396722989906,726.012195979813,9.56499492165619,0.00113834877271869
"2681",-0.749768494075594,"+","+",NA,-0.188673167398286,NA,"+",NA,NA,NA,NA,NA,"+",NA,0.339719293748337,15,-347.091219786428,726.079672774437,9.63247171628007,0.00110058336395895
"24",-0.761160456157597,"+","+","+",-0.26062838210423,NA,NA,"+",NA,NA,NA,NA,NA,NA,0.327443393224842,13,-349.38283500319,726.193120986772,9.74591992861542,0.00103989137848342
"134",-0.840705846504031,"+",NA,"+",-0.212653915895869,NA,NA,NA,NA,NA,"+",NA,NA,NA,0.30943680087069,10,-352.675133296859,726.202979772013,9.75577871385633,0.00103477795897664
"1601",0.0169284444674276,"+","+","+",-0.225926147944912,NA,"+","+",NA,NA,"+",NA,NA,NA,0.357332236950423,18,-343.733574199921,726.203148399842,9.75594734168544,0.00103469071647416
"911",-0.220653973464213,NA,"+",NA,-0.254312849950756,NA,"+","+",NA,"+",NA,NA,NA,NA,0.339389520660675,15,-347.15329358768,726.203820376941,9.75661931878415,0.001034343130637
"54",-0.673437879991345,"+",NA,"+",-0.231256482243949,NA,NA,"+","+",NA,NA,NA,NA,NA,0.321404896997111,12,-350.495909812484,726.210569624968,9.76336856681189,0.0010308584944452
"38",-0.838630069771137,"+",NA,"+",-0.232386042672417,NA,NA,NA,"+",NA,NA,NA,NA,NA,0.309077774986666,10,-352.739964522491,726.332642223276,9.88544116511969,0.000969820424194782
"8",-0.811271844565101,"+","+","+",-0.256645316371862,NA,NA,NA,NA,NA,NA,NA,NA,NA,0.315044495085729,11,-351.658444928543,726.344127211171,9.89692615301476,0.000964267196228012
"153",-0.477228644146843,NA,"+","+",-0.258148775333012,NA,"+",NA,NA,NA,NA,NA,NA,NA,0.321039893103638,12,-350.562896592712,726.344543185423,9.8973421272666,0.000964066661920251
"267",-0.78454167409995,NA,"+",NA,-0.306726259658325,"+",NA,NA,NA,NA,NA,"+",NA,NA,0.326933060155259,13,-349.477261761633,726.381974503657,9.93477344550092,0.000946191315130305
"5411",-0.28447652339133,NA,NA,"+",-0.279767248272689,NA,"+","+",NA,NA,NA,NA,NA,"+",0.326670560305219,13,-349.525806214652,726.479063409696,10.03186235154,0.000901356031858451
"133",-0.771802614787402,NA,NA,"+",-0.214785200082415,NA,NA,NA,NA,NA,"+",NA,NA,NA,0.296577304801911,8,-354.977974042254,726.509794238354,10.0625931801978,0.000887612183339082
"269",-0.999767664878077,NA,NA,"+",-0.305517498708654,"+",NA,NA,NA,NA,NA,"+",NA,NA,0.320563781594973,12,-350.650224116525,726.519198233049,10.0719971748928,0.000883448429857644
"83",-0.607182302125526,NA,"+",NA,-0.256457830445152,NA,NA,"+",NA,"+",NA,NA,NA,NA,0.320526842679541,12,-350.656997016953,726.532744033905,10.0855429757486,0.000877485138793077
"641",-0.00255395688889052,"+","+","+",-0.245837971939572,NA,"+","+","+",NA,NA,NA,NA,NA,0.356428355265728,18,-343.907941515934,726.551883031868,10.1046819737116,0.000869128095783175
"150",-0.674209667503597,"+",NA,"+",-0.218307273483244,NA,NA,"+",NA,NA,"+",NA,NA,NA,0.320472933828467,12,-350.666880812089,726.552511624177,10.1053105660209,0.000868854975087445
"7",-0.634324090960026,NA,"+","+",-0.256106259117134,NA,NA,NA,NA,NA,NA,NA,NA,NA,0.302377075624143,9,-353.944246545281,726.583473785543,10.1362727273868,0.000855507742478501
"157",-0.861127450726475,NA,NA,"+",-0.214439134752916,"+",NA,"+",NA,NA,"+",NA,NA,NA,0.326302210445011,13,-349.593896123983,726.615243228358,10.1680421702019,0.00084202560382361
"534",-0.622734554302704,"+",NA,"+",-0.282377570627719,NA,NA,"+",NA,NA,NA,NA,NA,"+",0.320294281858469,12,-350.69963015852,726.618010317039,10.1708092588827,0.000840861429594006
"421",-0.907528796066204,"+",NA,NA,-0.234556066853355,NA,"+",NA,"+",NA,NA,NA,NA,NA,0.314225551175371,11,-351.807401488629,726.642040331344,10.1948392731871,0.000830818924698894
"142",-1.37011118653,"+",NA,"+",-0.212148570640389,"+",NA,NA,NA,NA,"+",NA,NA,NA,0.326066593979947,13,-349.637432038115,726.702315056623,10.2551139984666,0.000806153771645674
"5441",0.00741693782829741,"+","+","+",-0.284311890162982,NA,"+","+",NA,NA,NA,NA,NA,"+",0.35593247095997,18,-344.003506343745,726.743012687491,10.2958116293341,0.000789915274748185
"28",-1.0740748395456,"+","+",NA,-0.259492506512307,"+",NA,"+",NA,NA,NA,NA,NA,NA,0.331879530942963,14,-348.55921309702,726.771969501126,10.3247684429693,0.000778560954626264
"3521",-0.165488168020035,"+","+","+",-0.136196372975783,NA,"+","+",NA,"+",NA,NA,"+",NA,0.379611159768969,22,-339.362715454157,726.839252046525,10.3920509883685,0.000752804836580231
"7971",-0.478461807688831,NA,NA,"+",-0.147802803989995,NA,"+","+",NA,NA,NA,NA,"+","+",0.343589625513355,16,-346.360550822682,726.879831804094,10.4326307459372,0.000737684432011764
"3801",-0.217798363352586,"+","+",NA,-0.148186400209975,NA,"+","+","+","+",NA,NA,"+",NA,0.379234333802983,22,-339.437837581604,726.989496301419,10.5422952432621,0.000698324493818483
"2711",-0.628918008888299,NA,"+","+",-0.188591159323859,NA,"+",NA,NA,NA,NA,NA,"+",NA,0.337215675454817,15,-347.561765217755,727.02076363709,10.573562578934,0.000687492016944042
"4151",-0.398113665356065,NA,"+","+",-0.097261799695519,NA,"+","+",NA,NA,"+",NA,"+",NA,0.361074774535457,19,-343.009187963857,727.070584763055,10.6233837048982,0.000670577750358257
"661",-0.535016354257776,NA,NA,"+",-0.241353832662131,NA,NA,"+",NA,NA,"+",NA,NA,"+",0.31905736609879,12,-350.926155246478,727.071060492956,10.6238594348,0.000670418262383632
"541",-0.768619607184105,NA,NA,"+",-0.280883378332077,"+",NA,"+",NA,NA,NA,NA,NA,"+",0.324620090647443,13,-349.90440058552,727.236252151432,10.7890510932752,0.000617269648836721
"793",-0.701832417011869,NA,NA,NA,-0.354577429925424,"+",NA,"+",NA,NA,NA,"+",NA,"+",0.330609038812906,14,-348.795610951678,727.244765210443,10.7975641522864,0.000614647806297156
"3201",-0.167649003969812,"+","+","+",-0.177708153686995,NA,"+","+","+",NA,NA,NA,"+",NA,0.372574440968931,21,-340.758643070433,727.258176829125,10.810975770969,0.000610539884161115
"8001",-0.178599716949655,"+","+","+",-0.14955439413571,NA,"+","+",NA,NA,NA,NA,"+","+",0.372422562504851,21,-340.788613210166,727.318117108592,10.8709160504354,0.0005925133959813
"75",-0.849996742542119,NA,"+",NA,-0.254905436863586,"+",NA,NA,NA,"+",NA,NA,NA,NA,0.324376951046636,13,-349.949222773162,727.325896526716,10.87869546856,0.00059021316776488
"145",-0.787258097195995,"+",NA,"+",-0.255002155712663,NA,"+",NA,NA,NA,NA,NA,NA,NA,0.312171530778236,11,-352.180280226774,727.387797807634,10.9405967494773,0.000572225493146682
"8281",-0.213836020715823,"+","+",NA,-0.166384218339098,NA,"+","+","+",NA,NA,NA,"+","+",0.372238610262209,21,-340.824903520471,727.390697729201,10.9434966710446,0.000571396389851107
"46",-1.31690161237164,"+",NA,"+",-0.240777372414028,"+",NA,NA,"+",NA,NA,NA,NA,NA,0.323915692972383,13,-350.034213539707,727.495878059805,11.0486770016487,0.000542123050653568
"4141",-0.4912449978906,"+",NA,"+",-0.0933072888929036,NA,"+","+",NA,NA,"+",NA,"+",NA,0.353812601437775,18,-344.411275216742,727.558550433485,11.1113493753285,0.000525398393490489
"3311",-0.703119966689381,NA,"+",NA,-0.161590675147149,NA,"+",NA,NA,"+",NA,NA,"+",NA,0.341787485668321,16,-346.70126558062,727.56126131997,11.1140602618137,0.00052468672820825
"1591",-0.172686571196558,NA,"+","+",-0.216852728894885,NA,"+","+",NA,NA,"+",NA,NA,NA,0.341593816474943,16,-346.737829606419,727.634389371568,11.1871883134114,0.000505848567366513
"539",-0.656797068394863,NA,"+",NA,-0.282990069691496,"+",NA,"+",NA,NA,NA,NA,NA,"+",0.329436935350057,14,-349.013333967444,727.680211241975,11.2330101838181,0.000494390858218173
"5701",-0.350005660606657,"+",NA,NA,-0.26775475406001,NA,"+","+","+",NA,NA,NA,NA,"+",0.335359450446617,15,-347.909575924695,727.71638505097,11.269183992814,0.000485529239187803
"44",-1.21620682341416,"+","+",NA,-0.240622801382234,"+",NA,NA,"+",NA,NA,NA,NA,NA,0.329122016178871,14,-349.071771474552,727.797086256191,11.3498851980348,0.000466327840988567
"6041",-0.0583115397836557,"+","+",NA,-0.261987391131275,NA,"+","+",NA,"+",NA,NA,NA,"+",0.359094983566797,19,-343.392872054488,727.837952944317,11.3907518861605,0.000456895895033779
"751",-0.543298790852929,NA,"+",NA,-0.255060875992212,NA,"+",NA,NA,"+",NA,NA,NA,NA,0.322943420365508,13,-350.213187407986,727.853825796364,11.4066247382079,0.000453284125789826
"570",-1.12877288382722,"+",NA,NA,-0.27126111528748,"+",NA,"+","+",NA,NA,NA,NA,"+",0.334831652950648,15,-348.008308128458,727.913849458496,11.4666484003397,0.000439882350993305
"564",-0.75943362711307,"+","+",NA,-0.280878355851145,NA,NA,"+","+",NA,NA,NA,NA,"+",0.334822556039869,15,-348.010009202835,727.917251607251,11.4700505490949,0.000439134714469825
"84",-0.777228217897366,"+","+",NA,-0.260336051039457,NA,NA,"+",NA,"+",NA,NA,NA,NA,0.32878372403447,14,-349.134517879073,727.922579065233,11.4753780070762,0.000437966535147395
"1241",-0.0639631902856548,"+","+",NA,-0.249657414984522,NA,"+","+","+","+",NA,NA,NA,NA,0.35881596859039,19,-343.446857352717,727.945923540776,11.4987224826197,0.000432884204401289
"2981",-1.00960809529907,"+",NA,NA,-0.18455789121869,NA,"+",NA,"+",NA,NA,NA,"+",NA,0.328671393921467,14,-349.155346388994,727.964236085075,11.5170350269184,0.000428938689485873
"68",-0.845139793991853,"+","+",NA,-0.260735197463872,NA,NA,NA,NA,"+",NA,NA,NA,NA,0.316541122688395,12,-351.385798480765,727.99034696153,11.5431459033733,0.000423375103471996
"151",-0.615259071857042,NA,"+","+",-0.22322933967966,NA,NA,"+",NA,NA,"+",NA,NA,NA,0.322214629890749,13,-350.347185615967,728.121822212327,11.6746211541704,0.000396438503282795
"285",-0.739357409500699,NA,NA,"+",-0.301467882835195,"+",NA,"+",NA,NA,NA,"+",NA,NA,0.328223292181601,14,-349.238402369618,728.130348046323,11.683146988167,0.000394752115866977
"2701",-0.94185615111079,"+",NA,"+",-0.187916912886027,NA,"+",NA,NA,NA,NA,NA,"+",NA,0.328127317770484,14,-349.256184629032,728.165912565151,11.7187115069942,0.000387794575071526
"1411",-0.829076083846914,NA,NA,"+",-0.214424532240908,NA,"+",NA,NA,NA,"+",NA,NA,NA,0.309881851356673,11,-352.594724745953,728.216686845993,11.7694857878361,0.000378073497029235
"621",-0.275367029815374,"+",NA,"+",-0.234580392456388,NA,"+","+","+",NA,NA,NA,NA,NA,0.333845194905518,15,-348.192645372796,728.282523947173,11.8353228890163,0.000365830482197916
"961",0.0181958354602282,"+","+","+",-0.25662484249036,NA,"+","+",NA,"+",NA,NA,NA,NA,0.357918351833003,19,-343.620386166438,728.292981168217,11.8457801100607,0.00036392268898951
"67",-0.66534441017338,NA,"+",NA,-0.25694915079658,NA,NA,NA,NA,"+",NA,NA,NA,NA,0.303611813722493,10,-353.723142340245,728.298997858786,11.8517968006291,0.000362829529010037
"535",-0.560640170878593,NA,"+","+",-0.285307814100156,NA,NA,"+",NA,NA,NA,NA,NA,"+",0.321608716307569,13,-350.458489664536,728.344430309464,11.8972292513072,0.000354680321715178
"3971",-1.02818412420539,NA,NA,"+",-0.115657906887892,NA,"+",NA,NA,NA,"+",NA,"+",NA,0.327636069338913,14,-349.347166959397,728.34787722588,11.9006761677235,0.00035406957145589
"31",-0.692468507325204,NA,"+","+",-0.259482806897439,"+",NA,"+",NA,NA,NA,NA,NA,NA,0.32762196632481,14,-349.349778018627,728.353099344341,11.9058982861841,0.000353146280741106
"794",-1.12301134341093,"+",NA,NA,-0.382242016232936,"+",NA,"+",NA,NA,NA,"+",NA,"+",0.339572081511764,16,-347.118933359261,728.396596877251,11.949395819095,0.000345548703200848
"16",-1.22647418013257,"+","+","+",-0.259090054145331,"+",NA,NA,NA,NA,NA,NA,NA,NA,0.327471850315411,14,-349.377567645287,728.408678597661,11.9614775395044,0.000343467583994679
"283",-0.618612274399822,NA,"+",NA,-0.305821731459861,"+",NA,"+",NA,NA,NA,"+",NA,NA,0.333488885757182,15,-348.259166020628,728.415565242836,11.9683641846797,0.000342286948126173
"1581",-0.255022347023123,"+",NA,"+",-0.22018384798207,NA,"+","+",NA,NA,"+",NA,NA,NA,0.3334594067496,15,-348.264668090244,728.426569382068,11.9793683239119,0.000340408833006939
"270",-1.31258668302892,"+",NA,"+",-0.31699970984789,"+",NA,NA,NA,NA,NA,"+",NA,NA,0.327418814424954,14,-349.38738433022,728.428311967526,11.9811109093691,0.00034011236643932
"298",-1.36916504786682,"+",NA,NA,-0.378134726863045,"+",NA,NA,"+",NA,NA,"+",NA,NA,0.327215712590685,14,-349.424970866027,728.50348503914,12.0562839809836,0.000327565985338692
"268",-1.222975305944,"+","+",NA,-0.316222610395696,"+",NA,NA,NA,NA,NA,"+",NA,NA,0.332663996458099,15,-348.413041465971,728.723316133522,12.2761150753657,0.000293469574511823
"5431",-0.172767125365896,NA,"+","+",-0.280886852994601,NA,"+","+",NA,NA,NA,NA,NA,"+",0.33866193225395,16,-347.290147658958,728.739025476646,12.2918244184892,0.000291173496664218
"441",-0.644564763611114,"+","+",NA,-0.238165677797282,NA,"+",NA,"+",NA,NA,NA,NA,NA,0.326336312624812,14,-349.587593743242,728.82873079357,12.3815297354138,0.0002784021467661
"143",-0.871722380126702,NA,"+","+",-0.212403947255549,"+",NA,NA,NA,NA,"+",NA,NA,NA,0.326266830992415,14,-349.600434243796,728.854411794678,12.4072107365218,0.000274850177183473
"158",-1.2188202247671,"+",NA,"+",-0.216808016907908,"+",NA,"+",NA,NA,"+",NA,NA,NA,0.332208900290921,15,-348.497860140458,728.892953482498,12.4457524243413,0.000269604290991452
"5421",-0.240530172900755,"+",NA,"+",-0.279975231036523,NA,"+","+",NA,NA,NA,NA,NA,"+",0.332069431450572,15,-348.523842980108,728.944919161796,12.4977181036398,0.000262689428826116
"8591",-0.441608451466299,NA,"+",NA,-0.107440655775209,NA,"+","+",NA,"+",NA,NA,"+","+",0.362252267182453,20,-342.780469375431,728.948035525055,12.5008344668981,0.000262280429714151
"9251",-0.551124515752481,NA,NA,"+",-0.0638702939962163,NA,"+","+",NA,NA,"+",NA,"+","+",0.350082681024565,18,-345.125758890059,728.987517780118,12.5403167219613,0.000257153490583186
"62",-1.14130561777467,"+",NA,"+",-0.235572460037295,"+",NA,"+","+",NA,NA,NA,NA,NA,0.331844775805914,15,-348.565685444462,729.028604090504,12.5814030323476,0.000251924638962083
"3991",-0.691983745464087,NA,"+","+",-0.102169950938368,NA,"+",NA,NA,NA,"+",NA,"+",NA,0.343913958949292,17,-346.299140198154,729.03652740826,12.5893263501035,0.000250928573817466
"566",-0.634814875335959,"+",NA,"+",-0.270262127095631,NA,NA,"+","+",NA,NA,NA,NA,"+",0.325590778102166,14,-349.725307737617,729.10415878232,12.6569577241632,0.000242585116614438
"542",-1.13508706986213,"+",NA,"+",-0.282419007664015,"+",NA,"+",NA,NA,NA,NA,NA,"+",0.331232279200361,15,-348.679697813675,729.256628828931,12.8094277707745,0.000224778983040302
"4801",-0.239807982381867,"+","+","+",-0.0503067481209129,NA,"+","+",NA,"+","+",NA,"+",NA,0.385544047061599,24,-338.174400562856,729.266833912598,12.8196328544411,0.000223634960070761
"536",-0.736048891414736,"+","+","+",-0.291252084725325,NA,NA,"+",NA,NA,NA,NA,NA,"+",0.331153647521847,15,-348.694327605747,729.285888413075,12.8386873549188,0.000221514451192968
"7981",-0.430537538809626,"+",NA,"+",-0.141859455867336,NA,"+","+",NA,NA,NA,NA,"+","+",0.34923674330938,18,-345.287275553121,729.310551106242,12.8633500480855,0.00021879965268415
"1431",-0.487875518276461,NA,"+","+",-0.213520378458235,NA,"+",NA,NA,NA,"+",NA,NA,NA,0.325029604319331,14,-349.828873965003,729.311291237092,12.8640901789358,0.00021871869747794
"397",-1.03919246023034,NA,NA,"+",-0.261999242454496,"+",NA,NA,NA,NA,"+","+",NA,NA,0.324900881782964,14,-349.852618837452,729.35878098199,12.9115799238336,0.0002135864236352
"3181",-0.413675390164197,"+",NA,"+",-0.172332053435922,NA,"+","+","+",NA,NA,NA,"+",NA,0.349033878386659,18,-345.325980161476,729.387960322953,12.9407592647963,0.000210492889788353
"76",-1.32064750349083,"+","+",NA,-0.256613507752213,"+",NA,NA,NA,"+",NA,NA,NA,NA,0.330858324311733,15,-348.749259664879,729.395752531338,12.9485514731817,0.000209674383086989
"166",-0.861765902038773,"+",NA,"+",-0.1920149301131,NA,NA,NA,"+",NA,"+",NA,NA,NA,0.312497624905631,12,-352.121151375835,729.461052751669,13.0138516935127,0.00020293904448265
"8261",-0.467630328670301,"+",NA,NA,-0.159968711427266,NA,"+","+","+",NA,NA,NA,"+","+",0.348797297554705,18,-345.371103365894,729.478206731787,13.0310056736309,0.000201205881600883
"56",-0.779880400712865,"+","+","+",-0.237230195889985,NA,NA,"+","+",NA,NA,NA,NA,NA,0.330613453323947,15,-348.794790271619,729.48681374482,13.0396126866632,0.000200341851291862
"6691",-0.304805934184226,NA,NA,"+",-0.237723049576656,NA,"+","+",NA,NA,"+",NA,NA,"+",0.330449724554451,15,-348.825224931971,729.547683065524,13.1004820073673,0.000194336366095114
"7991",-0.356948598189161,NA,"+","+",-0.158853419151679,NA,"+","+",NA,NA,NA,NA,"+","+",0.354635529846715,19,-344.253127061863,729.558462959067,13.111261900911,0.000193291721245137
"9281",-0.251705495139514,"+","+","+",-0.0665524868007649,NA,"+","+",NA,NA,"+",NA,"+","+",0.378698041464113,23,-339.544677825425,729.59547809983,13.1482770416736,0.000189747261948128
"136",-0.837315256742411,"+","+","+",-0.217846762097106,NA,NA,NA,NA,NA,"+",NA,NA,NA,0.318070248307784,13,-351.106659750337,729.640770481066,13.1935694229096,0.000185498500001173
"182",-0.696054845695466,"+",NA,"+",-0.193915600312342,NA,NA,"+","+",NA,"+",NA,NA,NA,0.324107565918004,14,-349.998865822976,729.65127495304,13.2040738948831,0.000184526772209656
"161",-0.559945416487513,"+","+","+",-0.258208430153357,NA,"+",NA,NA,NA,NA,NA,NA,NA,0.324072987458961,14,-350.005236712032,729.66401673115,13.2168156729936,0.000183354909483545
"4481",-0.23532084363101,"+","+","+",-0.096263776289121,NA,"+","+","+",NA,"+",NA,"+",NA,0.378521423065712,23,-339.579845201179,729.665812851337,13.2186117931809,0.000183190319673191
"662",-0.642714959817566,"+",NA,"+",-0.244016816583257,NA,NA,"+",NA,NA,"+",NA,NA,"+",0.323995456695494,14,-350.019520227885,729.692583762856,13.2453827046993,0.000180754571918322
"40",-0.826389763798185,"+","+","+",-0.236034775092009,NA,NA,NA,"+",NA,NA,NA,NA,NA,0.317815139127136,13,-351.153269686752,729.733990353896,13.2867892957393,0.000177050828736697
"314",-1.14542354813327,"+",NA,NA,-0.370375280761393,"+",NA,"+","+",NA,NA,"+",NA,NA,0.335988702340222,16,-347.791770408201,729.742270975131,13.295069916975,0.000176319298736293
"135",-0.663379460497963,NA,"+","+",-0.217685765414981,NA,NA,NA,NA,NA,"+",NA,NA,NA,0.305623635216834,11,-353.362105624899,729.751448603884,13.3042475457279,0.000175512055764006
"152",-0.781701349164383,"+","+","+",-0.225008223920487,NA,NA,"+",NA,NA,"+",NA,NA,NA,0.329872846477494,15,-348.932402849237,729.762038900055,13.3148378418988,0.000174585149656265
"91",-0.707139603375036,NA,"+",NA,-0.255027046795285,"+",NA,"+",NA,"+",NA,NA,NA,NA,0.329646509473985,15,-348.974430581896,729.846094365373,13.3988933072168,0.000167399781636683
"8921",-0.271359662391854,"+","+",NA,-0.0440327242072944,NA,"+","+","+","+",NA,NA,"+","+",0.384008070379094,24,-338.48305432478,729.884141436445,13.4369403782889,0.000164245345338128
"6721",-0.013855557483072,"+","+","+",-0.24291623023634,NA,"+","+",NA,NA,"+",NA,NA,"+",0.359506747571442,20,-343.313162163851,730.013421101896,13.5662200437398,0.000153964412085255
"286",-1.1350783398853,"+",NA,"+",-0.313805804660131,"+",NA,"+",NA,NA,NA,"+",NA,NA,0.335207079713821,16,-347.938086530253,730.034903219236,13.5877021610796,0.00015231952105179
"1921",-0.0147860761312269,"+","+","+",-0.20723789641649,NA,"+","+","+",NA,"+",NA,NA,NA,0.359444089161709,20,-343.325294720028,730.037686214249,13.5904851560922,0.000152107716215214
"669",-0.824133291856988,NA,NA,"+",-0.237181637164875,"+",NA,"+",NA,NA,"+",NA,NA,"+",0.329114864100055,15,-349.073098344593,730.043429890766,13.5962288326099,0.00015167151410707
"5761",-0.041981947615832,"+","+","+",-0.274906578583138,NA,"+","+","+",NA,NA,NA,NA,"+",0.359382230772466,20,-343.337271294681,730.061639363556,13.6144383053997,0.000150296852414851
"6031",-0.232563027136866,NA,"+",NA,-0.258424279567386,NA,"+","+",NA,"+",NA,NA,NA,"+",0.341156133162702,17,-346.820425995997,730.079099003947,13.6318979457905,0.00014899049833187
"3001",-0.762050070876325,"+","+",NA,-0.183688869074592,NA,"+",NA,"+",NA,NA,NA,"+",NA,0.341147813853521,17,-346.821995463991,730.082237939933,13.635036881777,0.000148756845916395
"595",-0.598428294219815,NA,"+",NA,-0.261316615275717,NA,NA,"+",NA,"+",NA,NA,NA,"+",0.322924701400256,14,-350.216630819573,730.086804946232,13.6396038880753,0.000148417546733099
"60",-1.01532123413239,"+","+",NA,-0.235858617792613,"+",NA,"+","+",NA,NA,NA,NA,NA,0.334972278116296,16,-347.982009226289,730.122748611307,13.675547553151,0.000145774036946306
"540",-1.01354315317767,"+","+",NA,-0.284489798557288,"+",NA,"+",NA,NA,NA,NA,NA,"+",0.33474501437771,16,-348.024508211825,730.20774658238,13.7605455242236,0.000139708588859055
"3511",-0.361187838874738,NA,"+","+",-0.151979363487028,NA,"+","+",NA,"+",NA,NA,"+",NA,0.358883519130383,20,-343.433789303615,730.254675381424,13.8074743232673,0.000136468571895166
"8641",-0.20108573313025,"+","+","+",-0.0883322648519165,NA,"+","+",NA,"+",NA,NA,"+","+",0.382943024525222,24,-338.696659677705,730.311352142295,13.8641510841387,0.000132655556104494
"1421",-0.798192859606407,"+",NA,"+",-0.212012276272045,NA,"+",NA,NA,NA,"+",NA,NA,NA,0.316035551029206,13,-351.477962257851,730.383375496094,13.9361744379373,0.000127963400348341
"174",-1.36390453610947,"+",NA,"+",-0.195053254910051,"+",NA,NA,"+",NA,"+",NA,NA,NA,0.328179053328951,15,-349.246599291873,730.390431785328,13.9432307271715,0.000127512722462096
"2721",-0.714522603847047,"+","+","+",-0.187072478849981,NA,"+",NA,NA,NA,NA,NA,"+",NA,0.340315834009338,17,-346.978859069255,730.395965150462,13.9487640923052,0.000127160422811183
"3981",-1.01050237321521,"+",NA,"+",-0.107461702963707,NA,"+",NA,NA,NA,"+",NA,"+",NA,0.334235973044856,16,-348.119651736471,730.398033631673,13.9508325735163,0.000127028976323853
"461",-0.830242632287571,"+",NA,"+",-0.231830238425294,NA,"+",NA,"+",NA,NA,NA,NA,NA,0.315540067925238,13,-351.568225695488,730.563902371368,14.1167013132119,0.000116918937245704
"951",-0.18233199320711,NA,"+","+",-0.253157843076082,NA,"+","+",NA,"+",NA,NA,NA,NA,0.339761007380332,17,-347.083365910491,730.604978832935,14.1577777747785,0.00011454212048348
"271",-0.752934677950218,NA,"+","+",-0.306734388302164,"+",NA,NA,NA,NA,NA,"+",NA,NA,0.327514980676261,15,-349.369583897337,730.636400996254,14.1891999380979,0.000112756602809743
"87",-0.592274124190914,NA,"+","+",-0.258967617743929,NA,NA,"+",NA,"+",NA,NA,NA,NA,0.321263306534449,14,-350.521898946043,730.697341199172,14.2501401410157,0.000109372713215447
"284",-1.01764902421724,"+","+",NA,-0.314247829944126,"+",NA,"+",NA,NA,NA,"+",NA,NA,0.338809698394224,17,-347.26236519209,730.962977396133,14.5157763379763,9.5769411466513e-05
"3321",-0.779011812568952,"+","+",NA,-0.165566317683877,NA,"+",NA,NA,"+",NA,NA,"+",NA,0.344848320107351,18,-346.122067515971,730.980135031943,14.5329339737862,9.49513371970244e-05
"32",-1.06293358854542,"+","+","+",-0.260284879194442,"+",NA,"+",NA,NA,NA,NA,NA,NA,0.332645864512555,16,-348.416421835644,730.991573830019,14.5443727718624,9.44098226554114e-05
"761",-0.627269858419416,"+","+",NA,-0.257959566181385,NA,"+",NA,NA,"+",NA,NA,NA,NA,0.326167862141303,15,-349.618721991157,731.134677183894,14.687476125738,8.78906514234926e-05
"596",-0.772564593825325,"+","+",NA,-0.265176324352457,NA,NA,"+",NA,"+",NA,NA,NA,"+",0.332022975758537,16,-348.532496492865,731.22372314446,14.7765220863031,8.40633317415944e-05
"9271",-0.425881459996953,NA,"+","+",-0.0679372139923165,NA,"+","+",NA,NA,"+",NA,"+","+",0.362151948584316,21,-342.799970629547,731.340831947354,14.8936308891975,7.92823921199787e-05
"795",-0.521249201203516,NA,"+",NA,-0.370458844218714,"+",NA,"+",NA,NA,NA,"+",NA,"+",0.337769051819206,17,-347.457901883277,731.354050778505,14.906849720349,7.87601097345836e-05
"398",-1.35558354949973,"+",NA,"+",-0.274600994099322,"+",NA,NA,NA,NA,"+","+",NA,NA,0.331586669956737,16,-348.613741998494,731.386214155718,14.9390130975611,7.75036442970904e-05
"413",-0.79114829340945,NA,NA,"+",-0.262439591604974,"+",NA,"+",NA,NA,"+","+",NA,NA,0.331491166725316,16,-348.631519329563,731.421768817855,14.9745677596987,7.613801097651e-05
"6361",-0.111021711281396,"+","+",NA,-0.256487833931947,NA,"+","+","+","+",NA,NA,NA,"+",0.361898857624679,21,-342.849157231717,731.439205151694,14.9920040935372,7.54771121869437e-05
"797",-0.669944783550062,NA,NA,"+",-0.356033879912209,"+",NA,"+",NA,NA,NA,"+",NA,"+",0.33142966612735,16,-348.642966038791,731.444662236312,14.997461178156,7.52714503989904e-05
"116",-0.791787160741817,"+","+",NA,-0.246423489399168,NA,NA,"+","+","+",NA,NA,NA,NA,0.331421903112638,16,-348.644410849356,731.447551857443,15.0003507992864,7.5162775938105e-05
"100",-0.852740540131258,"+","+",NA,-0.252806860420348,NA,NA,NA,"+","+",NA,NA,NA,NA,0.319102252983465,14,-350.917941463157,731.489426233401,15.0422251752445,7.36054387894415e-05
"144",-1.27371844898734,"+","+","+",-0.214882510483578,"+",NA,NA,NA,NA,"+",NA,NA,NA,0.331229133369167,16,-348.680283140862,731.519296440454,15.0720953822978,7.25143023409968e-05
"663",-0.579282062410045,NA,"+","+",-0.247306567839936,NA,NA,"+",NA,NA,"+",NA,NA,"+",0.325053709638745,15,-349.824426898144,731.546086997869,15.0988859397129,7.15494298463409e-05
"3841",-0.166760770914982,"+","+","+",-0.146386220145295,NA,"+","+","+","+",NA,NA,"+",NA,0.379827447727558,24,-339.3195784153,731.557189617486,15.1099885593292,7.11533372282854e-05
"6711",-0.186618546371248,NA,"+","+",-0.234693133583136,NA,"+","+",NA,NA,"+",NA,NA,"+",0.343267714671811,18,-346.421475030059,731.578950060119,15.1317490019624,7.03833694772627e-05
"79",-0.825399975264955,NA,"+","+",-0.254685108498985,"+",NA,NA,NA,"+",NA,NA,NA,NA,0.324840697106664,15,-349.863719398376,731.624671998333,15.1774709401762,6.87925901020841e-05
"159",-0.747218379053351,NA,"+","+",-0.218037554589749,"+",NA,"+",NA,NA,"+",NA,NA,NA,0.330908714750725,16,-348.739888299163,731.638506757056,15.1913056988991,6.83183677380553e-05
"9261",-0.513051028705866,"+",NA,"+",-0.0618906082168386,NA,"+","+",NA,NA,"+",NA,"+","+",0.355203163973616,20,-344.143932199685,731.674961173563,15.2277601154062,6.70843947267754e-05
"1901",-0.294937226190106,"+",NA,"+",-0.197358415278303,NA,"+","+","+",NA,"+",NA,NA,NA,0.336693381285077,17,-347.659721208574,731.757689429099,15.3104883709428,6.43661144664221e-05
"5741",-0.291489604029776,"+",NA,"+",-0.265477681794401,NA,"+","+","+",NA,NA,NA,NA,"+",0.336412878579516,17,-347.712299909345,731.862846830643,15.4156457724861,6.1069259454065e-05
"568",-0.742614660825612,"+","+","+",-0.283847395753087,NA,NA,"+","+",NA,NA,NA,NA,"+",0.336402646910239,17,-347.714217391406,731.866681794764,15.4194807366074,6.09522724406979e-05
"543",-0.644392790722018,NA,"+","+",-0.285407774035867,"+",NA,"+",NA,NA,NA,NA,NA,"+",0.33024588037325,16,-348.863106808516,731.884943775762,15.4377427176054,6.03982510514593e-05
"3351",-0.656564191328879,NA,"+","+",-0.159940489334849,NA,"+",NA,NA,"+",NA,NA,"+",NA,0.342358270455728,18,-346.593445675072,731.922891350143,15.4756902919869,5.92630708784637e-05
"4461",-0.491029875220328,"+",NA,"+",-0.0944375134265288,NA,"+","+","+",NA,"+",NA,"+",NA,0.354473407539935,20,-344.284298000099,731.955692774392,15.5084917162358,5.82990413080039e-05
"2241",0.00694278415921684,"+","+","+",-0.220750934614197,NA,"+","+",NA,"+","+",NA,NA,NA,0.360543951652631,21,-343.112169037314,731.965228762888,15.5180277047311,5.80217334409135e-05
"88",-0.766274638375038,"+","+","+",-0.263898302826072,NA,NA,"+",NA,"+",NA,NA,NA,NA,0.329981953693793,16,-348.912138416767,731.983006992264,15.5358059341071,5.75082571538459e-05
"8321",-0.175175815760617,"+","+","+",-0.166556857750584,NA,"+","+","+",NA,NA,NA,"+","+",0.372663826797571,23,-340.741001464758,731.988125378495,15.5409243203381,5.7361270581787e-05
"48",-1.18987252283415,"+","+","+",-0.239120814357847,"+",NA,NA,"+",NA,NA,NA,NA,NA,0.32983142082481,16,-348.940096016819,732.038922192368,15.5917211342118,5.59227313220289e-05
"3021",-0.943484810822372,"+",NA,"+",-0.182404921515151,NA,"+",NA,"+",NA,NA,NA,"+",NA,0.329806912832313,16,-348.944647194633,732.048024547997,15.6008234898405,5.5668795320184e-05
"574",-1.09900694155502,"+",NA,"+",-0.271788659467844,"+",NA,"+","+",NA,NA,NA,NA,"+",0.335877528265194,17,-347.812591390462,732.063429792875,15.6162287347189,5.52416468019744e-05
"694",-0.655062018505793,"+",NA,"+",-0.23083741970916,NA,NA,"+","+",NA,"+",NA,NA,"+",0.329670259762086,16,-348.970021089996,732.098772338722,15.6515712805652,5.42740312637e-05
"670",-1.18843515955939,"+",NA,"+",-0.23977864949424,"+",NA,"+",NA,NA,"+",NA,NA,"+",0.335742836006669,17,-347.837812604647,732.113872221247,15.6666711630902,5.38658084836977e-05
"92",-1.14539026754456,"+","+",NA,-0.25692775430613,"+",NA,"+",NA,"+",NA,NA,NA,NA,0.335682878928472,17,-347.849038086032,732.136323184017,15.6891221258605,5.32645200434517e-05
"791",-0.494923893713652,NA,"+","+",-0.253221559684466,NA,"+",NA,NA,"+",NA,NA,NA,NA,0.323444566474298,15,-350.120967242096,732.139167685773,15.6919666276164,5.31888183791985e-05
"4791",-0.434445125630994,NA,"+","+",-0.0557481334948749,NA,"+","+",NA,"+","+",NA,"+",NA,0.366161905194687,22,-342.018251512051,732.150324162314,15.7031231041578,5.2892944471736e-05
"72",-0.815784783234507,"+","+","+",-0.261291184010223,NA,NA,NA,NA,"+",NA,NA,NA,NA,0.317179990092042,14,-351.269245002528,732.192033312143,15.7448322539865,5.18013069804167e-05
"6701",-0.269629594235141,"+",NA,"+",-0.240128512891289,NA,"+","+",NA,NA,"+",NA,NA,"+",0.33545048249797,17,-347.892539723917,732.223326459787,15.7761254016301,5.09971019401856e-05
"190",-1.19229792438354,"+",NA,"+",-0.194798778097272,"+",NA,"+","+",NA,"+",NA,NA,NA,0.335105633033204,17,-347.957065212597,732.352377437147,15.9051763789902,4.78104061519519e-05
"6081",-0.0122869467636173,"+","+","+",-0.25993417036112,NA,"+","+",NA,"+",NA,NA,NA,"+",0.359519557526861,21,-343.310681635738,732.362253959736,15.9150529015792,4.7574887877786e-05
"1281",-0.00672922879855679,"+","+","+",-0.247203934028988,NA,"+","+","+","+",NA,NA,NA,NA,0.359462631875465,21,-343.32170440592,732.384299500099,15.9370984419425,4.70533604413484e-05
"302",-1.30971533220837,"+",NA,"+",-0.379141737752618,"+",NA,NA,"+",NA,NA,"+",NA,NA,0.328530657560458,16,-349.181437499978,732.521605158685,16.0744041005288,4.39314057372636e-05
"71",-0.63589572696847,NA,"+","+",-0.256359091469442,NA,NA,NA,NA,"+",NA,NA,NA,NA,0.304011344410774,12,-353.651520588277,732.521791176553,16.0745901183967,4.39273199140606e-05
"664",-0.751245372591039,"+","+","+",-0.255423922881502,NA,NA,"+",NA,NA,"+",NA,NA,"+",0.334652118924834,17,-348.041876068272,732.521999148497,16.0747980903406,4.39227523264922e-05
"4001",-0.780016025744682,"+","+","+",-0.100788618226433,NA,"+",NA,NA,NA,"+",NA,"+",NA,0.346879342669958,19,-345.736358297348,732.524925430037,16.0777243718804,4.38585341484089e-05
"798",-1.08974557587843,"+",NA,"+",-0.384503256560887,"+",NA,"+",NA,NA,NA,"+",NA,"+",0.34055162812713,18,-346.934420418012,732.604840836025,16.1576397778681,4.21405988099656e-05
"331",-0.770839946789837,NA,"+",NA,-0.31743725798436,"+",NA,NA,NA,"+",NA,"+",NA,NA,0.328130235206009,16,-349.255644117559,732.670018393849,16.2228173356926,4.07894242959104e-05
"1441",-0.569472637726104,"+","+","+",-0.214356516673739,NA,"+",NA,NA,NA,"+",NA,NA,NA,0.327868847371632,16,-349.304062660903,732.766855480536,16.3196544223796,3.88615098212932e-05
"287",-0.606788457550157,NA,"+","+",-0.305195825742683,"+",NA,"+",NA,NA,NA,"+",NA,NA,0.333906633046745,17,-348.181171937023,732.800590885997,16.3533898278409,3.82115028992872e-05
"9921",-0.273703833428061,"+","+","+",-0.0063423084158743,NA,"+","+",NA,"+","+",NA,"+","+",0.388833003127856,26,-337.511094622927,732.823842138417,16.3766410802602,3.77698425133302e-05
"300",-1.20653766973102,"+","+",NA,-0.378317520193003,"+",NA,NA,"+",NA,NA,"+",NA,NA,0.333787127397137,17,-348.203488450817,732.845223913586,16.3980228554295,3.73682001550527e-05
"572",-0.945057962613944,"+","+",NA,-0.27653529753958,"+",NA,"+","+",NA,NA,NA,NA,"+",0.339887994183027,18,-347.05945391035,732.8549078207,16.4077067625433,3.7187702398914e-05
"826",-1.11569127094191,"+",NA,NA,-0.413658549110874,"+",NA,"+","+",NA,NA,"+",NA,"+",0.339826648789799,18,-347.071005964766,732.878011929533,16.4308108713765,3.67605798585347e-05
"272",-1.19506475176768,"+","+","+",-0.316223185432811,"+",NA,NA,NA,NA,NA,"+",NA,NA,0.333353023925868,17,-348.284521897396,733.007290806744,16.5600897485875,3.44595658697621e-05
"481",-0.5887587037001,"+","+","+",-0.23601201764984,NA,"+",NA,"+",NA,NA,NA,NA,NA,0.327101380360253,16,-349.446124856111,733.050979870952,16.6037788127957,3.37149750049953e-05
"168",-0.851457774172027,"+","+","+",-0.198292414682788,NA,NA,NA,"+",NA,"+",NA,NA,NA,0.320769691480056,15,-350.612463450637,733.122160102855,16.674959044699,3.25361567024773e-05
"184",-0.799218281875893,"+","+","+",-0.202276444887176,NA,NA,"+","+",NA,"+",NA,NA,NA,0.332953803066862,17,-348.359000789373,733.156248590699,16.7090475325425,3.19863017535928e-05
"796",-0.927866888969888,"+","+",NA,-0.396560499358762,"+",NA,"+",NA,NA,NA,"+",NA,"+",0.345123933266528,19,-346.069790950565,733.191790736471,16.744589678315,3.14228918802395e-05
"108",-1.29445147426475,"+","+",NA,-0.253260903910437,"+",NA,NA,"+","+",NA,NA,NA,NA,0.332810726333087,17,-348.385683237984,733.209613487919,16.762412429763,3.11441146734437e-05
"7041",-0.0676338969358184,"+","+","+",-0.233194395960898,NA,"+","+","+",NA,"+",NA,NA,"+",0.363283574284856,22,-342.57982616234,733.273473462892,16.8262724047356,3.01653919352455e-05
"603",-0.6812876365231,NA,"+",NA,-0.259682961664096,"+",NA,"+",NA,"+",NA,NA,NA,"+",0.332243268185404,17,-348.4914566814,733.421160374752,16.9739593165951,2.80181313529243e-05
"414",-1.18331445670329,"+",NA,"+",-0.275946653948122,"+",NA,"+",NA,NA,"+","+",NA,NA,0.338307719070955,18,-347.35672221136,733.449444422719,17.0022433645627,2.76246868752533e-05
"8631",-0.405641609201123,NA,"+","+",-0.10608488508173,NA,"+","+",NA,"+",NA,NA,"+","+",0.362745868161028,22,-342.68447549355,733.482772125312,17.0355710671556,2.71681674509135e-05
"1741",-0.837386401835177,"+",NA,"+",-0.190741792931191,NA,"+",NA,"+",NA,"+",NA,NA,NA,0.319229986579234,15,-350.894564940075,733.686363081731,17.2391620235747,2.45386762536845e-05
"80",-1.29844548040658,"+","+","+",-0.256743958783251,"+",NA,NA,NA,"+",NA,NA,NA,NA,0.331453258063496,17,-348.638575139207,733.715397290367,17.2681962322105,2.41850189814202e-05
"399",-0.79944801295775,NA,"+","+",-0.265793342165602,"+",NA,NA,NA,NA,"+","+",NA,NA,0.331259542131261,17,-348.674625046154,733.78749710426,17.3402960461032,2.33286795159223e-05
"2231",-0.189405906984634,NA,"+","+",-0.21071178896804,NA,"+","+",NA,"+","+",NA,NA,NA,0.343481140284293,19,-346.38108560511,733.814380045562,17.3671789874057,2.30172057769998e-05
"8301",-0.419902950346863,"+",NA,"+",-0.160706854789627,NA,"+","+","+",NA,NA,NA,"+","+",0.349579380288763,20,-345.221878524354,733.830853822901,17.3836527647443,2.28283942926377e-05
"628",-0.784320045575851,"+","+",NA,-0.25938139526131,NA,NA,"+","+","+",NA,NA,NA,"+",0.337102361704083,18,-347.583023211522,733.902046423044,17.4548453648874,2.20300807172877e-05
"318",-1.11657158215891,"+",NA,"+",-0.370432904975697,"+",NA,"+","+",NA,NA,"+",NA,NA,0.336733436715033,18,-347.652211359517,734.040422719035,17.5932216608785,2.05573939013797e-05
"5121",-0.239293410628919,"+","+","+",-0.0557558615415192,NA,"+","+","+","+","+",NA,"+",NA,0.385638849781891,26,-338.1553267747,734.112306441962,17.6651053838054,1.98316434354857e-05
"4631",-0.720317450113211,NA,"+","+",-0.0725898567870571,NA,"+",NA,NA,"+","+",NA,"+",NA,0.348782409813764,20,-345.373942407452,734.134981589098,17.6877805309418,1.96080705011971e-05
"95",-0.695261576769777,NA,"+","+",-0.257013065553278,"+",NA,"+",NA,"+",NA,NA,NA,NA,0.330163895585036,17,-348.878339641952,734.194926295857,17.7477252377006,1.90290905221652e-05
"599",-0.585982133286485,NA,"+","+",-0.264536113332017,NA,NA,"+",NA,"+",NA,NA,NA,"+",0.323842679002641,16,-350.04766206937,734.254054297471,17.8068532393144,1.84747491247105e-05
"215",-0.61446173388531,NA,"+","+",-0.224418388069792,NA,NA,"+",NA,"+","+",NA,NA,NA,0.323814754188596,16,-350.052805218507,734.264340595744,17.8171395375877,1.83799746632093e-05
"925",-0.718308880365676,NA,NA,"+",-0.320621605767846,"+",NA,"+",NA,NA,"+","+",NA,"+",0.335918449541402,18,-347.804927917724,734.345855835447,17.8986547772909,1.76459115898301e-05
"544",-0.997725347023403,"+","+","+",-0.287695400096803,"+",NA,"+",NA,NA,NA,NA,NA,"+",0.335876106084482,18,-347.812857719444,734.361715438887,17.9145143807309,1.75065363491114e-05
"9601",-0.250466394887132,"+","+","+",-0.0742105982935187,NA,"+","+","+",NA,"+",NA,"+","+",0.378775378848493,25,-339.529275895493,734.408346029669,17.9611449715126,1.71030878198327e-05
"64",-1.00162072898826,"+","+","+",-0.236320087438449,"+",NA,"+","+",NA,NA,NA,NA,NA,0.335711613265756,18,-347.843658408295,734.42331681659,17.9761157584337,1.69755424373386e-05
"3041",-0.718914469805928,"+","+","+",-0.181979929566575,NA,"+",NA,"+",NA,NA,NA,"+",NA,0.341793335418986,19,-346.700161014712,734.452530864765,18.0053298066083,1.67293824890226e-05
"160",-1.11568112984773,"+","+","+",-0.220698391392694,"+",NA,"+",NA,NA,"+",NA,NA,NA,0.335608679045378,18,-347.862928883669,734.461857767337,18.0146567091808,1.66515474597311e-05
"4301",-1.00113522290773,"+",NA,"+",-0.108040257246198,NA,"+",NA,"+",NA,"+",NA,"+",NA,0.335522039966696,18,-347.879146580562,734.494293161125,18.0470921029685,1.63836757127513e-05
"8961",-0.224001512150314,"+","+","+",-0.0434212187806871,NA,"+","+","+","+",NA,NA,"+","+",0.3844848463219,26,-338.387322218492,734.576297329545,18.1290962713888,1.57254964294433e-05
"6071",-0.200693125171781,NA,"+","+",-0.257661281542885,NA,"+","+",NA,"+",NA,NA,NA,"+",0.341465259714755,19,-346.762095158394,734.576399152129,18.1291980939721,1.57246958444874e-05
"1081",-0.651515853580001,"+","+",NA,-0.247493578253398,NA,"+",NA,"+","+",NA,NA,NA,NA,0.328605277239981,17,-349.16760438953,734.773455791012,18.3262547328551,1.42492481054823e-05
"332",-1.24577243908946,"+","+",NA,-0.330220737329359,"+",NA,NA,NA,"+",NA,"+",NA,NA,0.334689370518761,18,-348.034911730463,734.805823460926,18.3586224027692,1.40204966565222e-05
"207",-0.872136212272783,NA,"+","+",-0.213439138949921,"+",NA,NA,NA,"+","+",NA,NA,NA,0.328490828635967,17,-349.18882046467,734.815887941291,18.3686868831347,1.39501193760708e-05
"702",-1.15264542130618,"+",NA,"+",-0.22895741133334,"+",NA,"+","+",NA,"+",NA,NA,"+",0.340713049531481,19,-346.903989861177,734.860188557695,18.4129874995386,1.364451702048e-05
"347",-0.597856489371175,NA,"+",NA,-0.323562527722743,"+",NA,"+",NA,"+",NA,"+",NA,NA,0.33453418144951,18,-348.063922583738,734.863845167477,18.4166441093203,1.36195934741423e-05
"671",-0.697012078702162,NA,"+","+",-0.243640621212192,"+",NA,"+",NA,NA,"+",NA,NA,"+",0.334477229128937,18,-348.074567610947,734.885135221894,18.4379341637371,1.34753814632314e-05
"696",-0.758663390411361,"+","+","+",-0.246033479612951,NA,NA,"+","+",NA,"+",NA,NA,"+",0.340283890193297,19,-346.984878192523,735.021965220388,18.5747641622312,1.2584292711661e-05
"316",-0.989266706442923,"+","+",NA,-0.367616778384878,"+",NA,"+","+",NA,NA,"+",NA,NA,0.340092883422162,19,-347.020863679794,735.093936194929,18.6467351367722,1.21394919905391e-05
"7021",-0.324049505398011,"+",NA,"+",-0.226101216239424,NA,"+","+","+",NA,"+",NA,NA,"+",0.340063217944037,19,-347.026451762929,735.1051123612,18.6579113030433,1.20718446854883e-05
"3641",-0.770713548480896,"+","+",NA,-0.185600020501917,NA,"+",NA,"+","+",NA,NA,"+",NA,0.345934632358274,20,-345.915904774488,735.21890632317,18.7717052650139,1.14041676818304e-05
"600",-0.764911793631162,"+","+","+",-0.269707179933472,NA,NA,"+",NA,"+",NA,NA,NA,"+",0.333561605157898,18,-348.245592443641,735.227184887281,18.7799838291248,1.13570601780703e-05
"176",-1.23804934579771,"+","+","+",-0.196233770981179,"+",NA,NA,"+",NA,"+",NA,NA,NA,0.333477965543695,18,-348.261204235393,735.258408470786,18.8112074126295,1.11811329623641e-05
"2071",-0.503247196897175,NA,"+","+",-0.211673856862562,NA,"+",NA,NA,"+","+",NA,NA,NA,0.327035655730978,17,-349.458283859593,735.354814731138,18.9076136729819,1.06549510423161e-05
"3361",-0.732541341683041,"+","+","+",-0.163979216491168,NA,"+",NA,NA,"+",NA,NA,"+",NA,0.345557273094724,20,-345.987556676143,735.36221012648,18.915009068324,1.06156250073644e-05
"288",-1.00546366941938,"+","+","+",-0.313518167758959,"+",NA,"+",NA,NA,NA,"+",NA,NA,0.339372039766633,19,-347.156583249445,735.365375334232,18.9181742760753,1.05988379652081e-05
"9911",-0.476011136569542,NA,"+","+",-0.0149191399933665,NA,"+","+",NA,"+","+",NA,"+","+",0.369995614952568,24,-341.26661840878,735.451269604446,19.0040685462893,1.01532843464508e-05
"801",-0.578307375965754,"+","+","+",-0.256418760874073,NA,"+",NA,NA,"+",NA,NA,NA,NA,0.326770043353095,17,-349.507410741542,735.453068495037,19.0058674368803,1.01441561283935e-05
"926",-1.13803200073473,"+",NA,"+",-0.349926754043966,"+",NA,"+",NA,NA,"+","+",NA,"+",0.345244851628768,20,-346.046849504267,735.480795782728,19.0335947245715,1.0004491527817e-05
"430",-1.35525026161462,"+",NA,"+",-0.339599989751337,"+",NA,NA,"+",NA,"+","+",NA,NA,0.332725754228571,18,-348.401527221484,735.539054442967,19.091853384811,9.71727097164916e-06
"120",-0.776693523911887,"+","+","+",-0.248976526998519,NA,NA,"+","+","+",NA,NA,NA,NA,0.332542148329081,18,-348.435756188726,735.607512377451,19.1603113192948,9.3902869097764e-06
"200",-0.837774399644876,"+","+","+",-0.225427137339519,NA,NA,NA,NA,"+","+",NA,NA,NA,0.319897725718906,16,-350.772295833414,735.703321825559,19.2561207674026,8.95105250342983e-06
"104",-0.818414423270797,"+","+","+",-0.252531788795848,NA,NA,NA,"+","+",NA,NA,NA,NA,0.319822322732274,16,-350.786108374075,735.73094690688,19.2837458487239,8.82826567794444e-06
"799",-0.504933217101994,NA,"+","+",-0.371881666154045,"+",NA,"+",NA,NA,NA,"+",NA,"+",0.338381696084712,19,-347.342820915221,735.737850665783,19.2906496076265,8.79784410506863e-06
"216",-0.782397197891073,"+","+","+",-0.232196657106753,NA,NA,"+",NA,"+","+",NA,NA,NA,0.332121420128822,18,-348.514158152664,735.764316305328,19.3171152471716,8.68219071749934e-06
"604",-1.07770832044641,"+","+",NA,-0.260791716946351,"+",NA,"+",NA,"+",NA,NA,NA,"+",0.33803529613264,19,-347.407901836173,735.868012507687,19.4208114495303,8.243506359354e-06
"199",-0.663214370707985,NA,"+","+",-0.219589212792163,NA,NA,NA,NA,"+","+",NA,NA,NA,0.306972347021292,14,-353.11952523933,735.892593785746,19.4453927275899,8.14280848656765e-06
"124",-1.09818811315439,"+","+",NA,-0.245775176242329,"+",NA,"+","+","+",NA,NA,NA,NA,0.337960639628739,19,-347.421924024929,735.8960568852,19.4488558270433,8.1287210088622e-06
"7361",-0.0334986977159581,"+","+","+",-0.221105638473379,NA,"+","+",NA,"+","+",NA,NA,"+",0.362625025886613,23,-342.707982832511,735.922088114002,19.4748870558457,8.02360626106876e-06
"6401",-0.0593898530310821,"+","+","+",-0.254221138110588,NA,"+","+","+","+",NA,NA,NA,"+",0.362476325524078,23,-342.73690374303,735.97992993504,19.5327288768832,7.7948796950125e-06
"2561",-0.0172634760565779,"+","+","+",-0.21264984489402,NA,"+","+","+","+","+",NA,NA,NA,0.362136176898418,23,-342.803036280974,736.112195010927,19.6649939527707,7.29606039701343e-06
"1761",-0.596735036523831,"+","+","+",-0.193780852147125,NA,"+",NA,"+",NA,"+",NA,NA,NA,0.33074657437277,18,-348.770040038875,736.276080077751,19.8288790195941,6.7220421344522e-06
"400",-1.23877767346073,"+","+","+",-0.276679830354663,"+",NA,NA,NA,NA,"+","+",NA,NA,0.336877979194597,19,-347.625108120682,736.302425076705,19.8552240185485,6.63407667239024e-06
"415",-0.656963378996195,NA,"+","+",-0.268740055202187,"+",NA,"+",NA,NA,"+","+",NA,NA,0.336767893573984,19,-347.645750830965,736.343710497272,19.8965094391157,6.4985351350489e-06
"9581",-0.505422921318341,"+",NA,"+",-0.0733889559995808,NA,"+","+","+",NA,"+",NA,"+","+",0.355293843450784,22,-344.126480119718,736.366781377647,19.9195803194907,6.42400238222996e-06
"96",-1.1317751903292,"+","+","+",-0.259478278068676,"+",NA,"+",NA,"+",NA,NA,NA,NA,0.336410222619102,19,-347.712797656408,736.477804148156,20.03060309,6.07711430378932e-06
"4321",-0.776819309262423,"+","+","+",-0.101524568091622,NA,"+",NA,"+",NA,"+",NA,"+",NA,0.347897174964788,21,-345.54264605358,736.826182795419,20.3789817372622,5.10561359137867e-06
"10241",-0.309148628429127,"+","+","+",0.0610437594672653,NA,"+","+","+","+","+",NA,"+","+",0.391092762216159,28,-337.053450451649,736.873567569965,20.4263665118084,4.9860711318653e-06
"335",-0.739817324128369,NA,"+","+",-0.317946953670556,"+",NA,NA,NA,"+",NA,"+",NA,NA,0.328681427220901,18,-349.153486122535,737.042972245069,20.5957711869128,4.58113101325823e-06
"576",-0.926650874104911,"+","+","+",-0.278996537003384,"+",NA,"+","+",NA,NA,NA,NA,"+",0.340962900671379,20,-346.856875283036,737.100847340265,20.6536462821086,4.45046402564743e-06
"208",-1.33450500599422,"+","+","+",-0.217740372250799,"+",NA,NA,NA,"+","+",NA,NA,NA,0.334709978670468,19,-348.031058797298,737.114326429938,20.6671253717813,4.4205707704207e-06
"830",-1.08227811577637,"+",NA,"+",-0.415571095075477,"+",NA,"+","+",NA,NA,"+",NA,"+",0.340814020416365,20,-346.884951708423,737.157000191039,20.7097991328822,4.3272487211122e-06
"304",-1.17664274293288,"+","+","+",-0.378786508106272,"+",NA,NA,"+",NA,NA,"+",NA,NA,0.334534202507444,19,-348.063918647619,737.180046130579,20.7328450724223,4.27767214814585e-06
"348",-1.02301425729561,"+","+",NA,-0.337417467927307,"+",NA,"+",NA,"+",NA,"+",NA,NA,0.34050091564392,20,-346.943979123792,737.275055021777,20.827853963621,4.07921482650444e-06
"672",-1.04784867203651,"+","+","+",-0.247842056444924,"+",NA,"+",NA,NA,"+",NA,NA,"+",0.339966769207086,20,-347.044618197522,737.476333169237,21.0291321110801,3.68866812691672e-06
"446",-1.1668228798043,"+",NA,"+",-0.335098691031519,"+",NA,"+","+",NA,"+","+",NA,NA,0.339883665172543,20,-347.060269146151,737.507635066495,21.0604340083389,3.63138639752251e-06
"800",-0.908423175077201,"+","+","+",-0.399513097162302,"+",NA,"+",NA,NA,NA,"+",NA,"+",0.346048105191919,21,-345.894351409263,737.529593506786,21.0823924486294,3.59173467762411e-06
"112",-1.26761291500384,"+","+","+",-0.252706230367263,"+",NA,NA,"+","+",NA,NA,NA,NA,0.333487942214401,19,-348.259342130384,737.57089309611,21.1236920379534,3.51832663307376e-06
"727",-0.60411201080125,NA,"+","+",-0.227311459691364,NA,NA,"+",NA,"+","+",NA,NA,"+",0.327121347653136,18,-349.442430705304,737.620861410609,21.1736603524523,3.43151320316721e-06
"7351",-0.214213756579065,NA,"+","+",-0.212678511480715,NA,"+","+",NA,"+","+",NA,NA,"+",0.345785662633828,21,-345.944195281465,737.629281251189,21.1820801930323,3.4170971725694e-06
"859",-0.500902263712962,NA,"+",NA,-0.377532448765537,"+",NA,"+",NA,"+",NA,"+",NA,"+",0.339432663476732,20,-347.145174363825,737.677445501844,21.2302444436873,3.33578917440577e-06
"223",-0.744753245748285,NA,"+","+",-0.219803309737636,"+",NA,"+",NA,"+","+",NA,NA,NA,0.33311383139647,19,-348.329150756988,737.710510349317,21.2633092911607,3.28109386308571e-06
"4641",-0.797524975057694,"+","+","+",-0.0777259555076134,NA,"+",NA,NA,"+","+",NA,"+",NA,0.351740529736175,22,-344.80865871384,737.731138565891,21.2839375077344,3.24742622995474e-06
"607",-0.670498066313987,NA,"+","+",-0.262472391363398,"+",NA,"+",NA,"+",NA,NA,NA,"+",0.332906512454283,19,-348.367820624027,737.787850083396,21.3406490252397,3.15663628728272e-06
"828",-0.924498462357714,"+","+",NA,-0.423783668983627,"+",NA,"+","+",NA,NA,"+",NA,"+",0.345259014979207,21,-346.044162081971,737.829214852201,21.3820137940445,3.09202003460201e-06
"632",-0.770347799788514,"+","+","+",-0.2627548142139,NA,NA,"+","+","+",NA,NA,NA,"+",0.338551404751592,20,-347.310924897866,738.008946569926,21.5617455117695,2.82627262910498e-06
"192",-1.05511837625774,"+","+","+",-0.198213067605087,"+",NA,"+","+",NA,"+",NA,NA,NA,0.338516555470761,20,-347.31747528817,738.022047350534,21.5748462923771,2.80781994240942e-06
"728",-0.778746392959617,"+","+","+",-0.234734861197248,NA,NA,"+",NA,"+","+",NA,NA,"+",0.336869331297416,20,-347.626729846195,738.640556466583,22.1933554084267,2.06092271621799e-06
"636",-0.998738844470326,"+","+",NA,-0.25551651250802,"+",NA,"+","+","+",NA,NA,NA,"+",0.342663842385543,21,-346.535688313842,738.812267315944,22.3650662577872,1.8913642202133e-06
"2081",-0.585676908020528,"+","+","+",-0.215952930026151,NA,"+",NA,NA,"+","+",NA,NA,NA,0.330139399394087,19,-348.88289071737,738.817990270082,22.3707892119256,1.88595986078057e-06
"927",-0.551004552854964,NA,"+","+",-0.338001116412952,"+",NA,"+",NA,NA,"+","+",NA,"+",0.342636564076038,21,-346.540845303548,738.822581295355,22.3753802371987,1.88163558120623e-06
"416",-1.05632443490592,"+","+","+",-0.278895783968636,"+",NA,"+",NA,NA,"+","+",NA,NA,0.341969401912619,21,-346.666911412212,739.074713512683,22.6275124545268,1.65876820205272e-06
"1121",-0.595617943665523,"+","+","+",-0.245928122338623,NA,"+",NA,"+","+",NA,NA,NA,NA,0.329358242678151,19,-349.027938835666,739.108086506673,22.6608854485168,1.63131882531724e-06
"336",-1.21823257489132,"+","+","+",-0.331021462731881,"+",NA,NA,NA,"+",NA,"+",NA,NA,0.335379485138021,20,-347.905826715906,739.198750206006,22.7515491478493,1.55901924320223e-06
"232",-0.840404250440312,"+","+","+",-0.21714379939912,NA,NA,NA,"+","+","+",NA,NA,NA,0.322593158165693,18,-350.277604619958,739.291209239916,22.8440081817596,1.48858710193096e-06
"351",-0.585081040711383,NA,"+","+",-0.3244205665331,"+",NA,"+",NA,"+",NA,"+",NA,NA,0.334962486093701,20,-347.983840640089,739.354778054371,22.9075769962144,1.44201726120755e-06
"364",-1.22187165930673,"+","+",NA,-0.369582623150846,"+",NA,NA,"+","+",NA,"+",NA,NA,0.334912340379305,20,-347.993219062723,739.373534899639,22.9263338414821,1.42855663228057e-06
"7681",-0.0863112120659692,"+","+","+",-0.212816508021831,NA,"+","+","+","+","+",NA,NA,"+",0.365995938487746,25,-342.050696105295,739.451186449274,23.0039853911176,1.374154745658e-06
"248",-0.792858576828462,"+","+","+",-0.21711704099062,NA,NA,"+","+","+","+",NA,NA,NA,0.33468806459463,20,-348.035155884419,739.457408543031,23.0102074848744,1.36988632889109e-06
"320",-0.975174252745357,"+","+","+",-0.366971064775107,"+",NA,"+","+",NA,NA,"+",NA,NA,0.340709811722618,21,-346.904600308411,739.550091305081,23.102890246925,1.30785237531968e-06
"3681",-0.719992024983859,"+","+","+",-0.18409299927562,NA,"+",NA,"+","+",NA,NA,"+",NA,0.346699727594199,22,-345.770513414594,739.6548479674,23.2076469092437,1.24111237314277e-06
"860",-0.880335374763546,"+","+",NA,-0.40268700182209,"+",NA,"+",NA,"+",NA,"+",NA,"+",0.346480226547845,22,-345.812241367297,739.738303872805,23.2911028146489,1.19038894695094e-06
"958",-1.13002660102444,"+",NA,"+",-0.385890669089305,"+",NA,"+","+",NA,"+","+",NA,"+",0.345549467081737,22,-345.989038456753,740.091898051718,23.6446969935614,9.97486175404117e-07
"704",-0.976484872739664,"+","+","+",-0.23820336861143,"+",NA,"+","+",NA,"+",NA,NA,"+",0.345404554084278,22,-346.016543680238,740.146908498687,23.6997074405301,9.70423977240038e-07
"224",-1.1738507462388,"+","+","+",-0.224757047496423,"+",NA,"+",NA,"+","+",NA,NA,NA,0.33897613757883,21,-347.231065011555,740.203020711368,23.755819653212,9.43576044248776e-07
"608",-1.0616072808805,"+","+","+",-0.264326505883416,"+",NA,"+",NA,"+",NA,NA,NA,"+",0.338970434733814,21,-347.232137596346,740.205165880952,23.7579648227957,9.42564521502726e-07
"463",-0.779332474381337,NA,"+","+",-0.282001630010326,"+",NA,NA,NA,"+","+","+",NA,NA,0.332370206573944,20,-348.467802756259,740.322702286712,23.8755012285558,8.8876794476297e-07
"128",-1.08264990517746,"+","+","+",-0.24762543810168,"+",NA,"+","+","+",NA,NA,NA,NA,0.338639511964987,21,-347.294362540981,740.329615770222,23.8824147120654,8.85701007357191e-07
"432",-1.22338540475617,"+","+","+",-0.3416267082659,"+",NA,NA,"+",NA,"+","+",NA,NA,0.338108435251771,21,-347.394163229023,740.529217146305,24.0820160881483,8.01575160243706e-07
"928",-0.955113612938369,"+","+","+",-0.366825275708918,"+",NA,"+",NA,NA,"+","+",NA,"+",0.350295134022226,23,-345.085164302122,740.676451053224,24.229249995068,7.44685356328982e-07
"735",-0.720405763315867,NA,"+","+",-0.221892241547473,"+",NA,"+",NA,"+","+",NA,NA,"+",0.33687339204887,21,-347.625968342787,740.992827373833,24.5456263156761,6.35729798769893e-07
"240",-1.30419272512752,"+","+","+",-0.21394982491532,"+",NA,NA,"+","+","+",NA,NA,NA,0.336756810733713,21,-347.647828854753,741.036548397764,24.5893473396079,6.21983220943807e-07
"760",-0.786764279234312,"+","+","+",-0.222865324078445,NA,NA,"+","+","+","+",NA,NA,"+",0.3424227247133,22,-346.581264984319,741.27635110685,24.8291500486935,5.51704050364319e-07
"352",-1.0080279937715,"+","+","+",-0.338996487772208,"+",NA,"+",NA,"+",NA,"+",NA,NA,0.341120545897476,22,-346.827139534881,741.768100207973,25.3208991498166,4.31443779546337e-07
"380",-0.977702119932276,"+","+",NA,-0.384295969413342,"+",NA,"+","+","+",NA,"+",NA,NA,0.341020689003669,22,-346.845975752369,741.80577264295,25.3585715847937,4.23393071161029e-07
"863",-0.485980543134584,NA,"+","+",-0.379458888120215,"+",NA,"+",NA,"+",NA,"+",NA,"+",0.339981004166425,22,-347.041937150782,742.197695439774,25.750494381618,3.48047719507661e-07
"832",-0.904751227398974,"+","+","+",-0.426527269468647,"+",NA,"+","+",NA,NA,"+",NA,"+",0.346184766806202,23,-345.868388912975,742.242900274929,25.7956992167723,3.40269237015433e-07
"4961",-0.780572111987063,"+","+","+",-0.0990380480854478,NA,"+",NA,"+","+","+",NA,"+",NA,0.352437986481885,24,-344.675030968978,742.268094724842,25.8208936666854,3.36009674553274e-07
"2401",-0.601539542992844,"+","+","+",-0.206911981445104,NA,"+",NA,"+","+","+",NA,NA,NA,0.332765648817096,21,-348.394088669083,742.529068026425,26.0818669682681,2.94905009287501e-07
"464",-1.25040669788175,"+","+","+",-0.295756903654304,"+",NA,NA,NA,"+","+","+",NA,NA,0.338767687958344,22,-347.270264429469,742.65434999715,26.2071489389932,2.76998562517976e-07
"479",-0.630009715615431,NA,"+","+",-0.291593597806797,"+",NA,"+",NA,"+","+","+",NA,NA,0.337863710729522,22,-347.440127295054,742.994075728319,26.5468746701622,2.33725991123765e-07
"640",-0.980130418484186,"+","+","+",-0.258260880905552,"+",NA,"+","+","+",NA,NA,NA,"+",0.343558901329571,23,-346.366366812175,743.238856073329,26.7916550151723,2.06801475726812e-07
"448",-1.02812830784087,"+","+","+",-0.334718061181406,"+",NA,"+","+",NA,"+","+",NA,NA,0.343366822830788,23,-346.402720956559,743.311564362098,26.8643633039413,1.99418400824204e-07
"736",-1.09597215053331,"+","+","+",-0.226468333139254,"+",NA,"+",NA,"+","+",NA,NA,"+",0.342640353269829,23,-346.540128964774,743.586380378527,27.1391793203703,1.73815975246273e-07
"368",-1.19368125746026,"+","+","+",-0.370015408608342,"+",NA,NA,"+","+",NA,"+",NA,NA,0.335610573650958,22,-347.862574216554,743.838969571319,27.3917685131628,1.53193607452309e-07
"256",-1.12564588232639,"+","+","+",-0.213365203962573,"+",NA,"+","+","+","+",NA,NA,NA,0.341173832810093,23,-346.817086832086,744.140296113152,27.693095054996,1.31767533308393e-07
"892",-0.805966958376033,"+","+",NA,-0.493685394956885,"+",NA,"+","+","+",NA,"+",NA,"+",0.347491833062852,24,-345.619823520523,744.157679827932,27.7104787697751,1.30627191722757e-07
"864",-0.859398160564699,"+","+","+",-0.406937426213729,"+",NA,"+",NA,"+",NA,"+",NA,"+",0.347354746682774,24,-345.645914873974,744.209862534833,27.7626614766762,1.27263030104559e-07
"991",-0.523536289560363,NA,"+","+",-0.34901581729852,"+",NA,"+",NA,"+","+","+",NA,"+",0.34499029104011,24,-346.095141902532,745.10831659195,28.6611155337937,8.12092388233357e-08
"960",-0.950771571367522,"+","+","+",-0.39779060914242,"+",NA,"+","+",NA,"+","+",NA,"+",0.350478206321391,25,-345.050173818856,745.450141876396,29.0029408182393,6.84508779008782e-08
"480",-1.05022398006275,"+","+","+",-0.306927912142805,"+",NA,"+",NA,"+","+","+",NA,NA,0.343710628394575,24,-346.337642919229,745.593318625343,29.1461175671866,6.37218808872909e-08
"384",-0.962646850418608,"+","+","+",-0.385786563164391,"+",NA,"+","+","+",NA,"+",NA,NA,0.341644170169662,24,-346.728323971693,746.374680730271,29.9274796721147,4.31139646377432e-08
"768",-1.00866295606354,"+","+","+",-0.216302255149606,"+",NA,"+","+","+","+",NA,NA,"+",0.34775475618105,25,-345.569767766277,746.489329771236,30.04212871308,4.07119812878789e-08
"992",-0.881801075948037,"+","+","+",-0.378634110485058,"+",NA,"+",NA,"+","+","+",NA,"+",0.352286189950509,26,-344.704125408255,747.209903709072,30.7627026509158,2.83956356978327e-08
"496",-1.22014338764616,"+","+","+",-0.349612181504892,"+",NA,NA,"+","+","+","+",NA,NA,0.339147640563252,24,-347.198804922537,747.315642631958,30.8684415738019,2.69333689512039e-08
"896",-0.783689152175836,"+","+","+",-0.499975799837264,"+",NA,"+","+","+",NA,"+",NA,"+",0.348402375586527,26,-345.446393360051,748.694439612663,32.2472385545066,1.35172616436631e-08
"512",-0.999276753878218,"+","+","+",-0.365839229746713,"+",NA,"+","+","+","+","+",NA,NA,0.344392417139253,26,-346.208495737507,750.218644367576,33.7714433094191,6.30829309159251e-09
"1024",-0.778516363340552,"+","+","+",-0.503968854814215,"+",NA,"+","+","+","+","+",NA,"+",0.354172251745389,28,-344.342181468351,751.451029603369,35.0038285452123,3.40645620075463e-09
